Name,Gender,Nationality,Age,Stroke,Speciality,US College / University,DI Conference,Birthday,Previous US College / University,Previous DI Conference,Continent 1,Continent 2,ISL Team,Former ISL Teams,Image,,,,,NCAA College,Conference,,USA,North America,
Aaron Shackell,Male,USA,19,"Fly, Free",Stroke,"University of California, Berkeley",ACC,9/8/2004,,,North America,,N/A,,,,,,,"University of California, Berkeley",ACC,,CAN,North America,
Abbey Harkin,Female,AUS,26,"IM, Breast",Mid-D,N/A,N/A,5/6/1998,,,Austrailia,,N/A,,,,,,,N/A,N/A,,JAM,North America,
Abbey Weitzel,Female,USA,27,Free,Sprint,"University of California, Berkeley",ACC,12/3/1996,,,North America,,LAC,,,,,,,Stanford University,ACC,,CYM,North America,
Abbie Wood,Female,GBR,25,"IM, Breast",Mid-D,N/A,N/A,3/2/1999,,,Europe,,NYB,,,,,,,University of Florida,SEC,,BRA,South America,
Abrahm Devine,Male,USA,27,"IM, Back",Mid-D,Stanford University,ACC,9/3/1996,,,North America,,LAC,DCT,,,,,,Indiana University,B1G,,TTO,South America,
Adam Chaney,Male,USA,22,"Back, Free",Sprint,University of Florida,SEC,3/27/2002,,,North America,,N/A,,,,,,,North Carolina State University,ACC,,JPN,Asia,
Adam Peaty,Male,GBR,29,Breast,Sprint,N/A,N/A,12/28/1994,,,Europe,,LON,,,,,,,University of Virginia,ACC,,CHN,Asia,
Ahmed Hafnaoui,Male,TUN,21,Free,Distance,Indiana University,B1G,12/4/2002,,,Africa,,N/A,,,,,,,University of Michigan,B1G,,KOR,Asia,
Aiden Hayes,Male,USA,21,Fly,Stroke,North Carolina State University,ACC,1/1/2003,,,North America,,N/A,,,,,,,Texas A&M University,SEC,,SIN,Asia,
Aimee Canny,Female,RSA,20,Free,Sprint,University of Virginia,ACC,11/21/2003,,,Africa,,N/A,,,,,,,Penn State University,B1G,,HKG,Asia,
Alberto Razzetti,Male,ITA,24,"IM, Fly",Mid-D,N/A,N/A,6/2/1999,,,Europe,,TOR,,,,,,,University of Georgia,SEC,,RUS,Asia,Europe
Alessandro Miressi,Male,ITA,25,Free,Sprint,N/A,N/A,10/2/1998,,,Europe,,AQC,,,,,,,University of Louisville,ACC,,TUR,Asia,Europe
Alex Graham,Male,AUS,29,Free,Sprint,N/A,N/A,4/28/1995,,,Austrailia,,N/A,LON,,,,,,Emory University,N/A,,EGY,Asia,Africa
Alex Shackell,Female,USA,17,"Fly, Free",Stroke,"University of California, Berkeley",ACC,11/23/2006,,,North America,,N/A,,,,,,,University of Texas,SEC,,UKR,Europe,
Alex Walsh,Female,USA,22,IM,Stroke,University of Virginia,ACC,7/31/2001,,,North America,,N/A,,,,,,,University of Arkansas,SEC,,GER,Europe,
Alexandria Perkins,Female,AUS,23,Fly,Stroke,N/A,N/A,7/27/2000,,,Austrailia,,N/A,,,,,,,Auburn University,SEC,,FRA,Europe,
Alfonso Mestre,Male,VEN,22,Free,Distance,University of Florida,SEC,9/24/2001,,,South America,,N/A,,,,,,,University of Alabama,SEC,,ITA,Europe,
Ali DeLoof,Female,USA,29,"Back, Free",Sprint,University of Michigan,B1G,8/14/1994,,,North America,,DCT,"LAC, NYB",,,,,,Duke University,ACC,,POL,Europe,
Alia Atkinson,Female,JAM,35,Breast,Stroke,Texas A&M University,SEC,12/11/1988,,,North America,,LON,IRO,,,,,,University of Wisconsin,B1G,,NED,Europe,
Alley McCugh,Female,USA,27,"IM, Free",Distance,Penn State University,B1G,5/14/1997,,,North America,,N/A,,,,,,,University of Minnesota,B1G,,SUI,Europe,
Allison Schmitt,Female,USA,33,Free,Mid-D,University of Georgia,SEC,6/7/1990,,,North America,,N/A,CAC,,,,,,University of Arizona,BIG 12,,AUT,Europe,
Amy Bilquist,Female,USA,26,"Back, Free",Sprint,"University of California, Berkeley",ACC,8/11/1997,,,North America,,N/A,"LAC, DCT",,,,,,Louisiana State University,SEC,,GRE,Europe,
Anastasia Gorbenko,Female,ISR,20,"IM, Back",Stroke,N/A,N/A,8/7/2003,,,Asia,,LAC,,,,,,,Georgia Tech University,ACC,,SWE,Europe,
Andreas Vazaios,Male,GRE,30,"IM, Fly",Stroke,North Carolina State University,ACC,5/9/1994,,,Europe,,DCT,LON,,,,,,Ohio State University,B1G,,DEN,Europe,
Andrei Minakov,Male,RUS,22,"Fly, Free",Sprint,Stanford University,ACC,3/17/2002,,,Asia,Europe,N/A,,,,,,,University of Notre Dame,ACC,,ROM,Europe,
Andrej Barna,Male,SRB,26,Free,Sprint,University of Louisville,ACC,3/6/1998,,,Europe,,IRO,,,,,,,Harvard University,IV League,,HUN,Europe,
Andrew Seliskar,Male,USA,27,"IM, Free",Mid-D,"University of California, Berkeley",ACC,9/26/1996,,,North America,,N/A,LAC,,,,,,University of Southern California,B1G,,IRL,Europe,
Andrew Wilson,Male,USA,30,Breast,Stroke,Emory University,N/A,9/16/1993,,,North America,,N/A,CAC,,,,,,University of Tennessee,SEC,,LTU,Europe,
Andrii Govorov,Male,UKR,32,"Fly, Free",Sprint,N/A,N/A,4/10/1992,,,Europe,,N/A,TOR,,,,,,"University of Maryland, Baltimore County",America East,,ISL,Europe,
Anna Elendt,Female,GER,22,Breast,Stroke,University of Texas,SEC,9/4/2001,,,Europe,,N/A,,,,,,,University of Missouri,SEC,,GBR,Europe,
Anna Hopkin,Female,GBR,28,Free,Sprint,University of Arkansas,SEC,4/24/1996,,,Europe,,DCT,LON,,,,,,Arizona State University,BIG 12,,SRB,Europe,
Anna Peplowski,Female,USA,21,"Back, Free",Stroke,Indiana University,B1G,9/25/2002,,,North America,,N/A,,,,,,,Northwestern University,B1G,,RSA,Africa,
Annie Lazor,Female,USA,29,Breast,Stroke,Auburn University,SEC,8/17/1994,Ohio State University,B1G,North America,,LON,LAC,,,,,,University of South Carolina,SEC,,TUN,Africa,
Anthony Ervin,Male,USA,42,Free,Sprint,"University of California, Berkeley",ACC,5/26/1981,,,North America,,N/A,,,,,,,UCLA,B1G,,AUS,Austrailia,
Anton Chupkov,Male,RUS,27,Breast,Stroke,N/A,N/A,2/22/1997,,,Asia,Europe,N/A,ENS,,,,,,Grand Canyon University,N/A,,NZL,Austrailia,
Anton McKee,Male,ISL,30,Breast,Stroke,University of Alabama,SEC,12/18/1993,,,Europe,,TOR,,,,,,,University of Pennsylvania,IV League,,SPN,Europe,Africa
Apostolos Christou,Male,GRE,27,Back,Stroke,N/A,N/A,11/1/1996,,,Europe,,LAC,AQC,,,,,,Virginia Tech University,ACC,,BLR,Europe,
Ariane Titmus,Female,AUS,23,Free,Mid-D,N/A,N/A,9/7/2000,,,Austrailia,,N/A,CAC,,,,,,"University of Nevada, Las Vegas",MWC,,ISR,Asia,
Arianna Castiglioni,Female,ITA,26,Breast,Stroke,N/A,N/A,8/15/1997,,,Europe,,AQC,,,,,,,,,,NOR,Europe,
Arno Kamminga,Male,NED,28,Breast,Stroke,N/A,N/A,10/22/1995,,,Europe,,AQC,,,,,,,,,,JOR,Asia,
Ashley Twitchell,Female,USA,34,Free,Distance,Duke University,ACC,6/15/1989,,,North America,,N/A,,,,,,,,,,MEX,North America,
Austin Katz,Male,USA,25,Back,Stroke,University of Texas,SEC,3/19/1999,,,North America,,N/A,,,,,,,,,,PHI,Asia,
Bailey Andison,Female,CAN,26,"IM, Breast",Mid-D,Indiana University,B1G,11/13/1997,University of Denver,#N/A,North America,,DCT,LAC,,,,,,,,,TWN,Asia,
Baylor Nelson,Male,USA,20,"IM, Breast",Mid-D,Texas A&M University,SEC,6/23/2003,,,North America,,N/A,,,,,,,,,,PUR,North America,
Beata Nelson,Female,USA,26,"IM, Back",Stroke,University of Wisconsin,B1G,2/9/1998,,,North America,,CAC,,,,,,,,,,BEL,Europe,
Bella Sims,Female,USA,18,"IM, Free",Mid-D,University of Florida,SEC,5/25/2005,,,North America,,N/A,,,,,,,,,,VEN,South America,
Ben Proud,Male,GBR,29,"Fly, Free",Sprint,N/A,N/A,9/21/1994,,,Europe,,ENS,,,,,,,,,,BIH,Europe,
Benedetta Pilato,Female,ITA,19,Breast,Sprint,N/A,N/A,1/8/2005,,,Europe,,ENS,,,,,,,,,,,,
Beryl Gastaldello,Female,FRA,29,"Fly, Free",Sprint,Texas A&M University,SEC,2/16/1995,,,Europe,,LAC,,,,,,,,,,,,
Bethany Galat,Female,USA,28,"IM, Breast",Stroke,Texas A&M University,SEC,8/10/1995,,,North America,,N/A,DCT,,,,,,,,,,,
Bjorn Seeliger,Male,SWE,24,"Back, Free",Sprint,"University of California, Berkeley",ACC,1/11/2000,,,Europe,,N/A,,,,,,,,,,,,
Blake Pieroni,Male,USA,28,Free,Sprint,Indiana University,B1G,11/15/1995,,,North America,,N/A,"TOR, LAC",,,,,,,,,,,
Bobby Finke,Male,USA,24,"IM, Free",Distance,University of Florida,SEC,11/6/1999,,,North America,,N/A,,,,,,,,,,,,
Bowe Becker,Male,USA,26,Free,Sprint,University of Minnesota,B1G,7/7/1997,,,North America,,N/A,"TOK, CAC",,,,,,,,,,,
Brad Tandy,Male,RSA,33,Free,Sprint,University of Arizona,BIG 12,5/2/1991,,,Africa,,N/A,NYB,,,,,,,,,,,
Breeja Larson,Female,USA,32,Breast,Stroke,Texas A&M University,SEC,4/16/1992,,,North America,,N/A,NYB,,,,,,,,,,,
Brendan Burns,Male,USA,26,"Fly, Back",Stroke,Indiana University,B1G,1/1/1998,,,North America,,N/A,,,,,,,,,,,,
Brendon Smith,Male,AUS,23,"IM, Free",Mid-D,N/A,N/A,7/4/2000,,,Austrailia,,NYB,,,,,,,,,,,,
Brent Hayden,Male,CAN,40,Free,Sprint,N/A,N/A,10/21/1983,,,North America,,N/A,TOR,,,,,,,,,,,
Brianna Throssell,Female,AUS,28,"Fly, Free",Stroke,N/A,N/A,2/10/1996,,,Austrailia,,DCT,,,,,,,,,,,,
Brodie Williams,Male,GBR,25,"IM, Back",Mid-D,N/A,N/A,3/18/1999,,,Europe,,CAC,,,,,,,,,,,,
Bronte Campbell,Female,AUS,30,Free,Sprint,N/A,N/A,5/14/1994,,,Austrailia,,N/A,"LAC, LON",,,,,,,,,,,
Brooke Forde,Female,USA,25,"IM, Free",Mid-D,Stanford University,ACC,3/4/1999,,,North America,,N/A,,,,,,,,,,,,
Brooks Curry,Male,USA,23,Free,Sprint,Louisiana State University,SEC,1/20/2001,,,North America,,N/A,,,,,,,,,,,,
Bruno Fratus,Male,BRA,34,Free,Sprint,N/A,N/A,6/30/1989,,,South America,,N/A,TOK,,,,,,,,,,,
Bryce Mefford,Male,USA,25,Back,Stroke,"University of California, Berkeley",ACC,10/3/1998,,,North America,,N/A,,,,,,,,,,,,
Caeleb Dressel,Male,USA,27,"Fly, Free",Sprint,University of Florida,SEC,8/16/1996,,,North America,,CAC,,,,,,,,,,,,
Caio Pumputis,Male,BRA,25,"IM, Breast",Stroke,Georgia Tech University,ACC,1/8/1999,,,South America,,N/A,,,,,,,,,,,,
Camden Murphy,Male,USA,25,Fly,Stroke,University of Georgia,SEC,4/6/1999,,,North America,,DCT,,,,,,,,,,,,
Cameron McEvoy,Male,AUS,30,Free,Sprint,N/A,N/A,5/13/1994,,,Austrailia,,N/A,"LON, NYB",,,,,,,,,,,
Carson Foster,Male,USA,22,"IM, Back",Mid-D,University of Texas,SEC,10/26/2001,,,North America,,N/A,,,,,,,,,,,,
Caspar Corbeau,Male,NED,23,Breast,Stroke,University of Texas,SEC,4/3/2001,,,Europe,,N/A,,,,,,,,,,,,
Cate Campbell,Female,AUS,32,Free,Sprint,N/A,N/A,5/20/1992,,,Austrailia,,N/A,LON,,,,,,,,,,,
Catie DeLoof,Female,USA,27,"Back, Free",Sprint,University of Michigan,B1G,2/12/1997,,,North America,,TOK,NYB,,,,,,,,,,,
Chad Le Clos,Male,RSA,32,Fly,Stroke,N/A,N/A,4/12/1992,,,Africa,,ENS,,,,,,,,,,,,
Charlie Clark,Male,USA,21,Free,Distance,Ohio State University,B1G,6/17/2002,,,North America,,N/A,,,,,,,,,,,,
Charlie Swanson,Male,USA,26,"IM, Breast",Mid-D,University of Michigan,B1G,2/20/1998,,,North America,,ENS,,,,,,,,,,,,
Charlotte Bonnet,Female,FRA,29,"Breast, Free",Stroke,N/A,N/A,2/15/1995,,,Europe,,N/A,ENS,,,,,,,,,,,
Chase Kalisz,Male,USA,30,"IM, Fly",Mid-D,University of Georgia,SEC,3/7/1994,,,North America,,AQC,LAC,,,,,,,,,,,
Chelsea Hodges,Female,AUS,22,Breast,Stroke,N/A,N/A,6/27/2001,,,Austrailia,,TOR,,,,,,,,,,,,
Chris Guiliano,Male,USA,20,Free,Sprint,University of Notre Dame,ACC,6/25/2003,,,North America,,N/A,,,,,,,,,,,,
Christian Diener,Male,GER,30,Back,Stroke,N/A,N/A,6/3/1993,,,Europe,,LON,,,,,,,,,,,,
Claire Curzan,Female,USA,19,"Fly, Back",Stroke,University of Virginia,ACC,6/30/2004,Stanford University,ACC,North America,,N/A,,,,,,,,,,,,
Claire Weinstein,Female,USA,17,"IM, Free",Mid-D,"University of California, Berkeley",ACC,3/1/2007,,,North America,,N/A,,,,,,,,,,,,
Clyde Lewis,Male,AUS,26,Free,Mid-D,N/A,N/A,9/25/1997,,,Austrailia,,N/A,"NYB, CAC",,,,,,,,,,,
Cody Miller,Male,USA,32,Breast,Stroke,Indiana University,B1G,1/9/1992,,,North America,,DCT,,,,,,,,,,,,
Cody Simpson,Male,AUS,27,"Fly, Free",Sprint,N/A,N/A,1/11/1997,,,Austrailia,,N/A,,,,,,,,,,,,
Coleman Stewart,Male,USA,26,"Fly, Back",Stroke,North Carolina State University,ACC,3/3/1998,,,North America,,CAC,,,,,,,,,,,,
Daiya Seto,Male,JPN,29,"IM, Fly",Mid-D,N/A,N/A,5/24/1994,,,Asia,,TOK,ENS,,,,,,,,,,,
Dakota Luther,Female,USA,24,Fly,Stroke,University of Texas,SEC,11/7/1999,University of Georgia,SEC,North America,,N/A,,,,,,,,,,,,
Dakota Luther,Female,USA,24,Fly,Stroke,University of Texas,SEC,11/7/1999,University of Georgia,SEC,North America,,N/A,,,,,,,,,,,,
Danas Rapsys,Male,LTU,29,Free,Mid-D,N/A,N/A,5/21/1995,,,Europe,,N/A,ENS,,,,,,,,,,,
Daniel Jervis,Male,GBR,27,Free,Distance,N/A,N/A,6/9/1996,,,Europe,,N/A,,,,,,,,,,,,
Daniel Wiffen,Male,IRL,22,Free,Distance,N/A,N/A,7/14/2001,,,Europe,,N/A,,,,,,,,,,,,
Dare Rose,Male,USA,21,Fly,Stroke,"University of California, Berkeley",ACC,11/1/2002,,,North America,,N/A,,,,,,,,,,,,
David Curtiss,Male,USA,21,Free,Sprint,North Carolina State University,ACC,7/4/2002,,,North America,,N/A,,,,,,,,,,,,
David Johnston,Male,USA,23,"IM, Free",Distance,University of Texas,SEC,1/1/2001,,,North America,,N/A,,,,,,,,,,,,
David Popovici,Male,ROM,19,Free,Sprint,N/A,N/A,9/15/2004,,,Europe,,N/A,NYB,,,,,,,,,,,
David Verraszto,Male,HUN,35,"IM, Breast",Mid-D,N/A,N/A,8/22/1988,,,Europe,,IRO,,,,,,,,,,,,
Dean Farris,Male,USA,26,"Back, Free",Sprint,Harvard University,IV League,11/14/1997,,,North America,,N/A,,,,,,,,,,,,
Derek Maas,Male,USA,24,Breast,Stroke,University of Alabama,SEC,1/1/2000,,,North America,,N/A,,,,,,,,,,,,
Destin Lasco,Male,USA,22,"IM, Back",Stroke,"University of California, Berkeley",ACC,8/7/2001,,,North America,,N/A,,,,,,,,,,,,
Drew Kibler,Male,USA,24,Free,Mid-D,University of Texas,SEC,3/9/2000,,,North America,,N/A,,,,,,,,,,,,
Duncan Scott,Male,GBR,27,"IM, Free",Mid-D,N/A,N/A,5/6/1997,,,Europe,,LON,,,,,,,,,,,,
Dylan Carter,Male,TTO,28,"Fly, Back",Sprint,University of Southern California,B1G,1/30/1996,,,South America,,LON,LAC,,,,,,,,,,,
Eddie Wang,Male,TWN,22,Fly,Mid-D,N/A,N/A,1/23/2002,,,Asia,,CAC,,,,,,,,,,,,
Elena Di Liddo,Female,ITA,30,"Fly, Free",Sprint,N/A,N/A,9/8/1993,,,Europe,,AQC,,,,,,,,,,,,
Elijah Winnington,Male,AUS,24,Free,Mid-D,N/A,N/A,5/5/2000,,,Austrailia,,N/A,LON,,,,,,,,,,,
Elizabeth Beisel,Female,USA,31,"IM, Back",Mid-D,University of Florida,SEC,8/18/1992,,,North America,,N/A,,,,,,,,,,,,
Elizabeth Dekkers,Female,AUS,20,Fly,Stroke,N/A,N/A,5/6/2004,,,Austrailia,,N/A,,,,,,,,,,,,
Ella Eastin,Female,USA,27,"IM, Fly",Mid-D,Stanford University,ACC,3/28/1997,,,North America,,N/A,,,,,,,,,,,,
Ella Jansen,Female,CAN,18,"IM, Free",Mid-D,University of Tennessee,SEC,9/1/2005,,,North America,,N/A,,,,,,,,,,,,
Ella Nelson,Female,USA,23,"IM, Breast",Mid-D,University of Virginia,ACC,1/1/2001,,,North America,,N/A,,,,,,,,,,,,
Ellen Walshe,Female,IRL,22,"IM, Fly",Mid-D,University of Tennessee,SEC,9/29/2001,,,Europe,,N/A,,,,,,,,,,,,
Emilie Beckmann,Female,DEN,27,"Fly, Free",Sprint,N/A,N/A,2/4/1997,,,Europe,,IRO,,,,,,,,,,,,
Emily Escobedo,Female,USA,28,Breast,Stroke,"University of Maryland, Baltimore County",America East,12/17/1995,,,North America,,N/A,"CAC, NYB",,,,,,,,,,,
Emily Seebohm,Female,AUS,31,Back,Stroke,N/A,N/A,6/5/1992,,,Austrailia,,ENS,,,,,,,,,,,,
Emma McKeon,Female,AUS,29,"Fly, Free",Sprint,N/A,N/A,5/24/1994,,,Austrailia,,LON,,,,,,,,,,,,
Emma Sticklen,Female,USA,22,"Fly, Free",Stroke,University of Texas,SEC,1/1/2002,,,North America,,N/A,,,,,,,,,,,,
Emma Weyant,Female,USA,22,"IM, Free",Distance,University of Florida,SEC,12/24/2001,University of Virginia,ACC,North America,,N/A,,,,,,,,,,,,
Emre Sakci,Male,TUR,26,Breast,Sprint,N/A,N/A,11/15/1997,,,Asia,Europe,IRO,,,,,,,,,,,,
Eric Friese,Male,GER,24,"Fly, Free",Sprint,University of Florida,SEC,8/1/1999,,,Europe,,N/A,,,,,,,,,,,,
Erica Sullivan,Female,USA,23,Free,Distance,University of Texas,SEC,6/9/2000,,,North America,,N/A,,,,,,,,,,,,
Erika Brown,Female,USA,25,"Fly, Free",Sprint,University of Tennessee,SEC,8/27/1998,,,North America,,CAC,,,,,,,,,,,,
Erika Fairweather,Female,NZL,20,Free,Mid-D,N/A,N/A,12/31/2003,,,Austrailia,,N/A,,,,,,,,,,,,
Erin Gemmell,Female,USA,19,Free,Mid-D,University of Texas,SEC,12/2/2004,,,North America,,N/A,,,,,,,,,,,,
Evgeniia Chikunova,Female,RUS,19,Breast,Stroke,N/A,N/A,11/17/2004,,,Asia,Europe,ENS,,,,,,,,,,,,
Evgeny Rylov,Male,RUS,27,"Back, Free",Stroke,N/A,N/A,9/23/1996,,,Asia,Europe,ENS,,,,,,,,,,,,
Fabian Schwingenschlogl,Male,GER,32,Breast,Stroke,University of Missouri,SEC,8/15/1991,,,Europe,,TOR,,,,,,,,,,,,
Fabio Scozzoli,Male,ITA,35,Breast,Stroke,N/A,N/A,8/3/1988,,,Europe,,AQC,,,,,,,,,,,,
Farida Osman,Female,EGY,29,"Fly, Free",Sprint,"University of California, Berkeley",ACC,1/18/1995,,,Asia,Africa,DCT,LON,,,,,,,,,,,
Federica Pelligrini,Female,ITA,35,Free,Mid-D,N/A,N/A,8/5/1988,,,Europe,,AQC,,,,,,,,,,,,
Felipe Lima,Male,BRA,39,Breast,Sprint,N/A,N/A,4/5/1985,,,South America,,ENS,LAC,,,,,,,,,,,
Felipe Silva,Male,BRA,37,Breast,Sprint,N/A,N/A,5/14/1987,,,South America,,DCT,LAC,,,,,,,,,,,
Felix Auboeck,Male,AUT,27,Free,Distance,University of Michigan,B1G,12/19/1996,,,Europe,,NYB,,,,,,,,,,,,
Femke Heemskerk,Female,NED,36,Free,Sprint,N/A,N/A,9/21/1987,,,Europe,,N/A,ENS,,,,,,,,,,,
Fernando Scheffer,Male,BRA,26,Free,Mid-D,N/A,N/A,4/6/1998,,,South America,,LAC,,,,,,,,,,,,
Finlay Knox,Male,CAN,23,"IM, Back",Stroke,N/A,N/A,1/8/2001,,,North America,,TOR,,,,,,,,,,,,
Florent Manaudou,Male,FRA,33,Free,Sprint,N/A,N/A,11/12/1990,,,Europe,,ENS,,,,,,,,,,,,
Florian Wellbrock,Male,GER,26,Free,Distance,N/A,N/A,8/19/1997,,,Europe,,N/A,,,,,,,,,,,,
Freya Anderson,Female,GBR,23,Free,Mid-D,N/A,N/A,3/4/2001,,,Europe,,LON,AQC,,,,,,,,,,,
Gabby DeLoof,Female,USA,28,"Back, Free",Sprint,University of Michigan,B1G,3/13/1996,,,North America,,TOK,NYB,,,,,,,,,,,
Gabi Albiero,Female,USA,22,"Fly, Free",Sprint,University of Louisville,ACC,1/16/2002,,,North America,,N/A,,,,,,,,,,,,
Gabiel Fantoni,Male,BRA,22,"Fly, Back",Stroke,Indiana University,B1G,1/1/2002,,,South America,,N/A,,,,,,,,,,,,
Gabriel Jett,Male,USA,21,"Fly, Free",Stroke,"University of California, Berkeley",ACC,10/14/2002,,,North America,,N/A,,,,,,,,,,,,
Gabriele Detti,Male,ITA,29,Free,Distance,N/A,N/A,8/29/1994,,,Europe,,N/A,,,,,,,,,,,,
Giles Smith,Male,USA,32,"Fly, Free",Sprint,University of Arizona,BIG 12,11/28/1991,,,North America,,N/A,DCT,,,,,,,,,,,
Grant House,Male,USA,25,Free,Sprint,Arizona State University,BIG 12,6/19/1998,,,North America,,N/A,,,,,,,,,,,,
Grant Shoults,Male,USA,26,Free,Distance,Stanford University,ACC,6/6/1997,,,North America,,N/A,,,,,,,,,,,,
Gregorio Paltrinieri,Male,ITA,29,Free,Distance,N/A,N/A,9/5/1994,,,Europe,,N/A,,,,,,,,,,,,
Gretchen Walsh,Female,USA,21,"Back, Free",Sprint,University of Virginia,ACC,1/29/2003,,,North America,,N/A,,,,,,,,,,,,
Grigory Tarasevich,Male,RUS,28,Back,Stroke,University of Louisville,ACC,8/1/1995,,,Asia,Europe,TOK,NYB,,,,,,,,,,,
Guilherme Costa,Male,BRA,25,Free,Distance,N/A,N/A,10/1/1998,,,South America,,N/A,,,,,,,,,,,,
Guilherme Guido,Male,BRA,37,Back,Sprint,N/A,N/A,2/12/1987,,,South America,,LON,,,,,,,,,,,,
Guilherme Santos,Male,BRA,20,"Fly, Free",Sprint,University of Tennessee,SEC,1/1/2004,,,South America,,N/A,,,,,,,,,,,,
Gunnar Bentz,Male,USA,28,"IM, Fly",Mid-D,University of Georgia,SEC,1/3/1996,,,North America,,N/A,"CAC, IRO",,,,,,,,,,,
Haiyang Qin,Male,CHN,25,Breast,Stroke,N/A,N/A,5/17/1999,,,Asia,,N/A,,,,,,,,,,,,
Haley Anderson,Female,USA,32,Free,Distance,University of Southern California,B1G,11/20/1991,,,North America,,N/A,CAC,,,,,,,,,,,
Hali Flickinger,Female,USA,29,"IM, Fly",Mid-D,University of Georgia,SEC,7/7/1994,,,North America,,CAC,,,,,,,,,,,,
Henrik Christiansen,Male,NOR,27,Free,Distance,N/A,N/A,10/9/1996,,,Europe,,N/A,IRO,,,,,,,,,,,
Hubert Kos,Male,HUN,21,"IM, Back",Mid-D,University of Texas,SEC,3/28/2003,Arizona State University,BIG 12,Europe,,N/A,,,,,,,,,,,,
Hugo Gonzalez,Male,SPN,25,"IM, Back",Mid-D,"University of California, Berkeley",ACC,2/19/1999,Auburn University,SEC,Europe,Africa,N/A,,,,,,,,,,,,
Hunter Armstrong,Male,USA,23,"Back, Free",Sprint,Ohio State University,B1G,1/24/2001,,,North America,,N/A,,,,,,,,,,,,
Hwang Sun-Woo,Male,KOR,21,Free,Sprint,N/A,N/A,5/21/2003,,,Asia,,N/A,,,,,,,,,,,,
Ian Finnerty,Male,USA,27,Breast,Stroke,Indiana University,B1G,8/2/1996,,,North America,,N/A,DCT,,,,,,,,,,,
Ilia Borodin,Male,RUS,21,IM,Mid-D,N/A,N/A,2/14/2003,,,Asia,Europe,AQC,,,,,,,,,,,,
Ilya Kharun,Male,CAN,19,Fly,Stroke,Arizona State University,BIG 12,2/7/2005,,,North America,,N/A,,,,,,,,,,,,
Ilya Shimanovich,Male,BLR,29,Breast,Stroke,N/A,N/A,8/2/1994,,,Europe,,ENS,,,,,,,,,,,,
Ingrid Wilm,Female,CAN,25,Back,Stroke,N/A,N/A,6/8/1998,,,North America,,LAC,,,,,,,,,,,,
Isaac Cooper,Male,AUS,20,"Back, Free",Sprint,N/A,N/A,1/7/2004,,,Austrailia,,N/A,,,,,,,,,,,,
Isabel Gose,Female,GER,22,Free,Distance,N/A,N/A,5/9/2002,,,Europe,,N/A,,,,,,,,,,,,
Isabel Ivey,Female,USA,23,"IM, Free",Stroke,University of Florida,SEC,11/22/2000,"University of California, Berkeley",ACC,North America,,N/A,,,,,,,,,,,,
Isabelle Stadden,Female,USA,21,Back,Stroke,"University of California, Berkeley",ACC,7/9/2002,,,North America,,N/A,,,,,,,,,,,,
Jack Aikins,Male,USA,21,Back,Stroke,University of Virginia,ACC,10/11/2002,,,North America,,N/A,,,,,,,,,,,,
Jack Alexy,Male,USA,21,Free,Sprint,"University of California, Berkeley",ACC,1/19/2003,,,North America,,N/A,,,,,,,,,,,,
Jack Cartwright,Male,AUS,25,Free,Stroke,N/A,N/A,9/22/1998,,,Austrailia,,N/A,,,,,,,,,,,,
Jack Conger,Male,USA,29,Fly,Stroke,University of Texas,SEC,9/26/1994,,,North America,,N/A,LAC,,,,,,,,,,,
Jack Dahlgren,Male,USA,24,"Back, Free",Stroke,University of Missouri,SEC,1/1/2000,,,North America,,N/A,,,,,,,,,,,,
Jack McLoughlin,Male,AUS,29,Free,Distance,N/A,N/A,2/1/1995,,,Austrailia,,N/A,NYB,,,,,,,,,,,
Jacob Pebley,Male,USA,30,Back,Stroke,"University of California, Berkeley",ACC,9/17/1993,,,North America,,DCT,NYB,,,,,,,,,,,
Jake Foster,Male,USA,23,"IM, Breast",Mid-D,University of Texas,SEC,9/6/2000,,,North America,,N/A,,,,,,,,,,,,
Jake Magahey,Male,USA,22,Free,Distance,University of Georgia,SEC,9/14/2001,,,North America,,N/A,,,,,,,,,,,,
Jake Mitchell,Male,USA,22,Free,Distance,University of Florida,SEC,12/22/2001,University of Michigan,B1G,North America,,N/A,,,,,,,,,,,,
James Guy,Male,GBR,28,"Fly, Free",Mid-D,N/A,N/A,11/26/1995,,,Europe,,ENS,LON,,,,,,,,,,,
James Wilby,Male,GBR,30,Breast,Stroke,N/A,N/A,11/12/1993,,,Europe,,NYB,,,,,,,,,,,,
Jarod Arroyo,Male,PUR,23,"IM, Back",Mid-D,Arizona State University,BIG 12,1/2/2001,,,North America,,N/A,,,,,,,,,,,,
Jasmine Nocentini,Female,ITA,22,"Breast, Free",Sprint,University of Virginia,ACC,1/1/2002,Northwestern University,B1G,Europe,,N/A,,,,,,,,,,,,
Javier Acevedo,Male,CAN,26,"IM, Back",Stroke,University of Georgia,SEC,1/28/1998,,,North America,,LAC,,,,,,,,,,,,
Jay Litherland,Male,USA,28,"IM, Free",Mid-D,University of Georgia,SEC,8/24/1995,,,North America,,DCT,,,,,,,,,,,,
Jeremy Desplanches,Male,SUI,29,IM,Stroke,N/A,N/A,8/7/1994,,,Europe,,N/A,"ENS, IRO",,,,,,,,,,,
Jesse Puts,Male,NED,29,"Fly, Free",Sprint,N/A,N/A,8/1/1994,,,Europe,,CAC,,,,,,,,,,,,
Jillian Cox,Female,USA,18,Free,Distance,University of Texas,SEC,7/18/2005,,,North America,,N/A,,,,,,,,,,,,
Joe Litchfield,Male,GBR,25,IM,Stroke,N/A,N/A,7/8/1998,,,Europe,,NYB,,,,,,,,,,,,
John Shebat,Male,USA,27,"IM, Back",Stroke,University of Texas,SEC,2/17/1997,,,North America,,N/A,CAC,,,,,,,,,,,
Jordan Crooks,Male,CYM,22,"Fly, Free",Sprint,University of Tennessee,SEC,5/2/2002,,,North America,,N/A,,,,,,,,,,,,
Jordan Wilimovsky,Male,USA,30,Free,Distance,Northwestern University,B1G,4/22/1994,,,North America,,N/A,,,,,,,,,,,,
Joseph Schooling,Male,SIN,28,Fly,Stroke,University of Texas,SEC,6/16/1995,,,Asia,,N/A,,,,,,,,,,,,
Josh Liendo,Male,CAN,21,"Fly, Free",Sprint,University of Florida,SEC,8/20/2002,,,North America,,N/A,,,,,,,,,,,,
Josh Matheny,Male,USA,21,Breast,Stroke,Indiana University,B1G,10/16/2002,,,North America,,N/A,,,,,,,,,,,,
Josh Prenot ,Male,USA,30,"IM, Breast",Stroke,"University of California, Berkeley",ACC,7/28/1993,,,North America,,LAC,,,,,,,,,,,,
Justin Ress,Male,USA,26,"Back, Free",Sprint,North Carolina State University,ACC,8/3/1997,,,North America,,CAC,,,,,,,,,,,,
Kacper Stokowski,Male,POL,25,Back,Stroke,North Carolina State University,ACC,1/6/1999,University of Florida,SEC,Europe,,N/A,,,,,,,,,,,,
Kaii Winkler,Male,USA,18,"Fly, Free",Sprint,North Carolina State University,ACC,3/27/2006,,,North America,,N/A,,,,,,,,,,,,
Kaitlyn Dobler,Female,USA,22,Breast,Stroke,University of Southern California,B1G,2/15/2002,,,North America,,N/A,,,,,,,,,,,,
Katarzyna Wasick,Female,POL,32,Free,Sprint,University of Southern California,B1G,3/22/1992,,,Europe,,TOR,NYB,,,,,,,,,,,
Kate Douglass,Female,USA,22,"IM, Breast",Stroke,University of Virginia,ACC,11/17/2001,,,North America,,N/A,,,,,,,,,,,,
Katerine Savard,Female,CAN,30,Fly,Stroke,N/A,N/A,5/26/1993,,,North America,,CAC,,,,,,,,,,,,
Katharine Berkoff,Female,USA,23,"Back, Free",Sprint,North Carolina State University,ACC,1/28/2001,,,North America,,N/A,,,,,,,,,,,,
Kathleen Baker,Female,USA,27,Back,Stroke,"University of California, Berkeley",ACC,2/28/1997,,,North America,,LAC,,,,,,,,,,,,
Kathleen Dawson,Female,GBR,26,Back,Stroke,N/A,N/A,10/3/1997,,,Europe,,AQC,LON,,,,,,,,,,,
Katie Drabot,Female,USA,26,Fly,Stroke,Stanford University,ACC,9/2/1997,,,North America,,N/A,,,,,,,,,,,,
Katie Grimes,Female,USA,18,"IM, Free",Distance,N/A,N/A,1/8/2006,,,North America,,N/A,,,,,,,,,,,,
Katie Ledecky,Female,USA,27,Free,Distance,Stanford University,ACC,3/17/1997,,,North America,,N/A,DCT,,,,,,,,,,,
Katie McLaughlin,Female,USA,26,"Fly, Free",Stroke,"University of California, Berkeley",ACC,7/9/1997,,,North America,,LAC,,,,,,,,,,,,
Katinka Hosszu,Female,HUN,35,"IM, Back",Mid-D,University of Southern California,B1G,5/3/1989,,,Europe,,IRO,,,,,,,,,,,,
Kayla Han,Female,USA,15,"IM, Free",Distance,N/A,N/A,5/31/2008,,,North America,,N/A,,,,,,,,,,,,
Kayla Sanchez,Female,PHI,23,Free,Stroke,N/A,N/A,4/7/2001,,,Asia,,TOR,ENS,,,,,,,,,,,
Kaylee Mckeown,Female,AUS,22,"IM, Back",Stroke,N/A,N/A,7/12/2001,,,Austrailia,,N/A,,,,,,,,,,,,
Kaylene Corbett,Female,RSA,24,Breast,Stroke,N/A,N/A,6/15/1999,,,Africa,,N/A,,,,,,,,,,,,
Kelly Pash,Female,USA,23,"Fly, Free",Stroke,University of Texas,SEC,3/27/2001,,,North America,,N/A,,,,,,,,,,,,
Kelsey Wog,Female,CAN,25,"IM, Breast",Stroke,N/A,N/A,9/18/1998,,,North America,,TOR,CAC,,,,,,,,,,,
Kelsi Dalhia,Female,USA,29,"Fly, Free",Sprint,University of Louisville,ACC,7/15/1994,,,North America,,N/A,CAC,,,,,,,,,,,
Kennedy Noble,Male,USA,20,Back,Stroke,North Carolina State University,ACC,3/16/2004,,,North America,,N/A,,,,,,,,,,,,
Kensey McMahon,Female,USA,24,Free,Distance,University of Alabama,SEC,10/29/1999,,,North America,,N/A,,,,,,,,,,,,
Kevin Cordes,Male,USA,30,Breast,Stroke,University of Arizona,BIG 12,8/13/1993,,,North America,,CAC,DCT,,,,,,,,,,,
Kiah Melverton,Female,AUS,27,Free,Distance,N/A,N/A,11/5/1996,,,Austrailia,,N/A,,,,,,,,,,,,
Kieran Smith,Male,USA,24,"IM, Free",Mid-D,University of Florida,SEC,5/20/2000,,,North America,,N/A,,,,,,,,,,,,
Kira Toussaint,Female,NED,30,Back,Stroke,University of Tennessee,SEC,5/22/1994,,,Europe,,LON,IRO,,,,,,,,,,,
Kirill Prigoda,Male,RUS,28,Breast,Stroke,N/A,N/A,12/29/1995,,,Asia,Europe,LON,,,,,,,,,,,,
Kliment Kolesnikov,Male,RUS,23,"Back, Free",Sprint,N/A,N/A,7/9/2000,,,Asia,Europe,ENS,,,,,,,,,,,,
Kosuke Hagino,Male,JPN,29,"IM, Free",Mid-D,N/A,N/A,8/15/1994,,,Asia,,N/A,TOK,,,,,,,,,,,
Kristen Romano,Female,PUR,24,"IM, Back",Mid-D,Ohio State University,B1G,9/24/1999,,,North America,,N/A,,,,,,,,,,,,
Kristian Gkolomeev,Male,GRE,30,Free,Sprint,University of Alabama,SEC,6/4/1993,,,Europe,,LAC,AQC,,,,,,,,,,,
Kristof Milak,Male,HUN,24,Fly,Stroke,N/A,N/A,2/20/2000,,,Europe,,IRO,,,,,,,,,,,,
Kyle Chalmers,Male,AUS,25,Free,Sprint,N/A,N/A,6/25/1998,,,Austrailia,,LON,,,,,,,,,,,,
Kylie Masse,Female,CAN,28,Back,Stroke,N/A,N/A,1/18/1996,,,North America,,TOR,CAC,,,,,,,,,,,
Lana Pudar,Female,BIH,18,Fly,Stroke,N/A,N/A,1/19/2006,,,Europe,,N/A,,,,,,,,,,,,
Lani Pallister,Female,AUS,21,Free,Distance,N/A,N/A,6/6/2002,,,Austrailia,,LAC,,,,,,,,,,,,
Lara Van Niekerk,Female,RSA,21,Breast,Stroke,N/A,N/A,5/13/2003,,,Africa,,N/A,,,,,,,,,,,,
Laszlo Cseh,Male,HUN,38,"IM, Fly",Stroke,N/A,N/A,12/3/1985,,,Europe,,N/A,AQC,,,,,,,,,,,
Leah Hayes,Female,USA,18,"IM, Free",Stroke,University of Virginia,ACC,10/21/2005,,,North America,,N/A,,,,,,,,,,,,
Leah Neale,Female,AUS,28,Free,Mid-D,N/A,N/A,8/1/1995,,,Austrailia,,DCT,,,,,,,,,,,,
Leah Shackley,Female,USA,18,"Fly, Back",Stroke,North Carolina State University,ACC,1/1/2006,,,North America,,N/A,,,,,,,,,,,,
Leah Smith,Female,USA,29,"IM, Free",Distance,University of Virginia,ACC,4/19/1995,,,North America,,TOK,LAC,,,,,,,,,,,
Leon Marchand,Male,FRA,22,"IM, Breast",Stroke,Arizona State University,BIG 12,5/17/2002,,,Europe,,N/A,,,,,,,,,,,,
Lewis Burras,Male,GBR,24,"Fly, Free",Sprint,University of South Carolina,SEC,2/12/2000,,,Europe,,N/A,,,,,,,,,,,,
Lewis Clareburt,Male,NZL,24,IM,Mid-D,N/A,N/A,7/4/1999,,,Austrailia,,N/A,NYB,,,,,,,,,,,
Li Bingjie,Female,CHN,22,Free,Distance,N/A,N/A,3/3/2002,,,Asia,,N/A,,,,,,,,,,,,
Lia Neal,Female,USA,29,Free,Sprint,Stanford University,ACC,2/13/1995,,,North America,,N/A,"CAC, NYB",,,,,,,,,,,
Lilly King,Female,USA,27,Breast,Stroke,Indiana University,B1G,2/10/1997,,,North America,,CAC,,,,,,,,,,,,
Linnea Mack,Female,USA,27,"Back, Free",Sprint,UCLA,B1G,1/1/1997,,,North America,,DCT,,,,,,,,,,,,
Lisa Bratton,Female,USA,28,Back,Stroke,Texas A&M University,SEC,5/5/1996,,,North America,,TOR,DCT,,,,,,,,,,,
Lorenzo Mora,Male,ITA,25,Back,Stroke,N/A,N/A,9/30/1998,,,Europe,,IRO,,,,,,,,,,,,
Louise Hansson,Female,SWE,27,"Fly, Back",Stroke,University of Southern California,B1G,11/24/1996,,,Europe,,TOR,,,,,,,,,,,,
Luca Urlando,Male,USA,22,"IM, Fly",Stroke,University of Georgia,SEC,3/16/2002,,,North America,,N/A,,,,,,,,,,,,
Lukas Martens,Male,GER,22,Free,Distance,N/A,N/A,12/27/2001,,,Europe,,N/A,,,,,,,,,,,,
Luke Greenbank,Male,GBR,26,Back,Stroke,N/A,N/A,9/17/1997,,,Europe,,LON,,,,,,,,,,,,
Luke Hobson,Male,USA,22,Free,Mid-D,University of Texas,SEC,1/1/2002,,,North America,,N/A,,,,,,,,,,,,
Lydia Jacoby,Female,USA,20,Breast,Stroke,University of Texas,SEC,2/29/2004,,,North America,,N/A,,,,,,,,,,,,
Maaike de Waard,Female,NED,27,"Fly, Back",Sprint,N/A,N/A,10/11/1996,,,Europe,,CAC,,,,,,,,,,,,
Mabel Zavaros,Female,CAN,23,"IM, Back",Mid-D,University of Florida,SEC,1/1/2001,,,North America,,N/A,,,,,,,,,,,,
Mack Horton,Male,AUS,28,Free,Distance,N/A,N/A,4/25/1996,,,Austrailia,,N/A,,,,,,,,,,,,
Madison Kennedy,Female,USA,36,Free,Sprint,"University of California, Berkeley",ACC,12/22/1987,,,North America,,DCT,,,,,,,,,,,,
Madison Wilson,Female,AUS,29,Free,Stroke,N/A,N/A,5/31/1994,,,Austrailia,,LAC,NYB,,,,,,,,,,,
Madisyn Cox,Female,USA,28,"IM, Breast",Mid-D,University of Texas,SEC,5/30/1995,,,North America,,N/A,,,,,,,,,,,,
Maggie MacNeil,Female,CAN,24,"Fly, Back",Sprint,Louisiana State University,SEC,2/26/2000,University of Michigan,B1G,North America,,N/A,,,,,,,,,,,,
Mallory Comerford,Female,USA,26,Free,Stroke,University of Louisville,ACC,9/6/1997,,,North America,,TOK,CAC,,,,,,,,,,,
Marcin Cieslak,Male,POL,32,IM,Stroke,University of Florida,SEC,4/7/1992,,,Europe,,CAC,,,,,,,,,,,,
Marco Koch,Male,GER,34,Breast,Stroke,N/A,N/A,1/25/1990,,,Europe,,NYB,,,,,,,,,,,,
Margherita Panziera,Female,ITA,28,"IM, Back",Stroke,N/A,N/A,8/12/1995,,,Europe,,N/A,,,,,,,,,,,,
Margo Geer,Female,USA,32,Free,Sprint,University of Arizona,BIG 12,3/17/1992,,,North America,,N/A,"LAC, DCT",,,,,,,,,,,
Mariah Denigan,Female,USA,20,Free,Distance,Indiana University,B1G,5/30/2003,,,North America,,N/A,,,,,,,,,,,,
Marie Wattel,Female,FRA,26,"Fly, Free",Sprint,N/A,N/A,6/2/1997,,,Europe,,LON,,,,,,,,,,,,
Mark Nikolaev,Male,RUS,26,"Back, Free",Sprint,Grand Canyon University,N/A,7/30/1997,,,Asia,Europe,DCT,,,,,,,,,,,,
Mark Szaranek,Male,GBR,28,IM,Mid-D,University of Florida,SEC,8/16/1995,,,Europe,,CAC,,,,,,,,,,,,
Marrit Steenbergen,Female,NED,24,"IM, Free",Stroke,N/A,N/A,1/11/2000,,,Europe,,NYB,,,,,,,,,,,,
Martina Carraro,Female,ITA,30,Breast,Stroke,N/A,N/A,6/21/1993,,,Europe,,AQC,,,,,,,,,,,,
Marwan Elkamash,Male,EGY,30,Free,Distance,Indiana University,B1G,11/14/1993,,,Asia,Africa,N/A,,,,,,,,,,,,
Mary-Sophie Harvey,Female,CAN,24,"IM, Back",Stroke,N/A,N/A,8/11/1999,,,North America,,ENS,,,,,,,,,,,,
Matt Fallon,Male,USA,22,Breast,Stroke,University of Pennsylvania,IV League,1/1/2002,,,North America,,N/A,,,,,,,,,,,,
Matt Grevers,Male,USA,39,Back,Sprint,Northwestern University,B1G,3/26/1985,,,North America,,N/A,"ENS, LAC",,,,,,,,,,,
Matt King,Male,USA,21,Free,Sprint,University of Virginia,ACC,7/9/2002,University of Alabama,SEC,North America,,N/A,,,,,,,,,,,,
Matt Richards,Male,GBR,21,Free,Sprint,N/A,N/A,12/17/2002,,,Europe,,IRO,NYB,,,,,,,,,,,
Matt Temple,Male,AUS,24,"Fly, Free",Sprint,N/A,N/A,6/20/1999,,,Austrailia,,NYB,LON,,,,,,,,,,,
Matteo Rivolta,Male,ITA,32,"Fly, Free",Sprint,N/A,N/A,11/16/1991,,,Europe,,AQC,,,,,,,,,,,,
Matthew Sates,Male,RSA,20,"IM, Free",Mid-D,University of Georgia,SEC,6/28/2003,,,Africa,,N/A,,,,,,,,,,,,
Matthew Wilson,Male,AUS,25,Breast,Stroke,N/A,N/A,12/8/1998,,,Austrailia,,LAC,LON,,,,,,,,,,,
Max Litchfield,Male,GBR,27,"IM, Free",Mid-D,N/A,N/A,3/4/1997,,,Europe,,TOR,ENS,,,,,,,,,,,
Max McHugh,Male,USA,26,Breast,Stroke,University of Minnesota,B1G,1/1/1998,,,North America,,N/A,,,,,,,,,,,,
Maxime Grousset,Male,FRA,24,"Fly, Free",Sprint,N/A,N/A,6/2/1999,,,Europe,,N/A,,,,,,,,,,,,
Maxime Rooney,Male,USA,26,"Fly, Free",Sprint,University of Texas,SEC,4/16/1998,University of Florida,SEC,North America,,N/A,LAC,,,,,,,,,,,
Maximus Williamson,Male,USA,17,"IM, Free",Stroke,University of Virginia,ACC,9/4/2006,,,North America,,N/A,,,,,,,,,,,,
Maxine Parker,Female,USA,21,Free,Sprint,University of Virginia,ACC,6/14/2002,,,North America,,N/A,,,,,,,,,,,,
Medi Harris,Female,GBR,21,Back,Stroke,N/A,N/A,9/15/2002,,,Europe,,N/A,,,,,,,,,,,,
Meg Harris,Female,AUS,22,Free,Sprint,N/A,N/A,3/7/2002,,,Austrailia,,N/A,,,,,,,,,,,,
Melanie Henique,Female,FRA,31,"Fly, Free",Sprint,N/A,N/A,12/22/1992,,,Europe,,IRO,,,,,,,,,,,,
Melanie Margalis,Female,USA,32,"IM, Breast",Mid-D,University of Georgia,SEC,12/30/1991,,,North America,,N/A,CAC,,,,,,,,,,,
Michael Andrew,Male,USA,25,"Breast, Free",Sprint,N/A,N/A,4/18/1999,,,North America,,N/A,NYB,,,,,,,,,,,
Michael Brinegar,Male,USA,24,Free,Distance,Indiana University,B1G,9/15/1999,,,North America,,N/A,,,,,,,,,,,,
Michael Chadwick,Male,USA,29,Free,Sprint,University of Missouri,SEC,4/15/1995,,,North America,,N/A,"TOR, LAC",,,,,,,,,,,
Michelle Coleman,Female,SWE,30,"Back, Free",Sprint,N/A,N/A,10/31/1993,,,Europe,,TOR,,,,,,,,,,,,
Minna Atherton,Female,AUS,24,Back,Stroke,N/A,N/A,5/17/2000,,,Austrailia,,LON,,,,,,,,,,,,
Mireia Belmonte,Female,SPN,33,"IM, Fly",Mid-D,N/A,N/A,11/10/1990,,,Europe,Africa,N/A,"LON, IRO",,,,,,,,,,,
Mitch Larkin,Male,AUS,30,"IM, Back",Stroke,N/A,N/A,7/9/1993,,,Austrailia,,N/A,CAC,,,,,,,,,,,
Mollie O'Callaghan,Female,AUS,20,"Back, Free",Sprint,N/A,N/A,4/2/2004,,,Austrailia,,N/A,,,,,,,,,,,,
Molly Hannis,Female,USA,32,Breast,Stroke,University of Tennessee,SEC,3/13/1992,,,North America,,CAC,,,,,,,,,,,,
Mona McSharry,Female,IRL,23,Breast,Stroke,University of Tennessee,SEC,8/21/2000,,,Europe,,N/A,,,,,,,,,,,,
Mykhailo Romanchuk,Male,UKR,27,Free,Distance,N/A,N/A,8/7/1996,,,Europe,,N/A,"ENS, AQC",,,,,,,,,,,
Natalie Coughlin,Female,USA,41,"Fly, Back",Stroke,"University of California, Berkeley",ACC,8/23/1982,,,North America,,N/A,DCT,,,,,,,,,,,
Natalie Hinds,Female,USA,30,"Fly, Free",Sprint,University of Florida,SEC,12/7/1993,,,North America,,CAC,,,,,,,,,,,,
Nathan Adrian,Male,USA,35,Free,Sprint,"University of California, Berkeley",ACC,12/7/1988,,,North America,,N/A,LAC,,,,,,,,,,,
Nic Fink,Male,USA,30,Breast,Stroke,University of Georgia,SEC,7/3/1993,,,North America,,CAC,,,,,,,,,,,,
Nicholas Santos,Male,BRA,44,Fly,Sprint,N/A,N/A,2/14/1980,,,South America,,IRO,,,,,,,,,,,,
Nicolas Albiero,Male,BRA,24,"Fly, Back",Stroke,University of Louisville,ACC,6/8/1999,,,South America,,N/A,,,,,,,,,,,,
Nicolo Martinenghi,Male,ITA,24,Breast,Stroke,N/A,N/A,8/1/1999,,,Europe,,AQC,,,,,,,,,,,,
Noe Ponti,Male,SUI,22,Fly,Stroke,N/A,N/A,6/1/2001,,,Europe,,N/A,,,,,,,,,,,,
Nyls Korstanje,Male,NED,25,"Fly, Free",Sprint,North Carolina State University,ACC,2/5/1999,,,Europe,,N/A,,,,,,,,,,,,
Ole Braunschweig,Male,GER,26,Back,Stroke,N/A,N/A,11/15/1997,,,Europe,,NYB,,,,,,,,,,,,
Olivia Bray,Female,USA,22,Fly,Stroke,University of Texas,SEC,1/1/2002,,,North America,,N/A,,,,,,,,,,,,
Olivia Smoliga,Female,USA,29,"Back, Free",Sprint,University of Georgia,SEC,10/12/1994,,,North America,,CAC,,,,,,,,,,,,
Paige Madden,Female,USA,25,Free,Mid-D,University of Virginia,ACC,10/22/1998,,,North America,,TOK,,,,,,,,,,,,
Patrick Callan,Male,USA,24,Free,Mid-D,"University of California, Berkeley",ACC,10/6/1999,University of Michigan,B1G,North America,,N/A,,,,,,,,,,,,
Penny Oleksiak,Female,CAN,23,"Fly, Free",Stroke,N/A,N/A,6/13/2000,,,North America,,N/A,,,,,,,,,,,,
Pernille Blume,Female,DEN,30,Free,Sprint,N/A,N/A,5/4/1994,,,Europe,,NYB,,,,,,,,,,,,
Pheobe Bacon,Female,USA,21,Back,Stroke,University of Wisconsin,B1G,8/12/2002,,,North America,,N/A,,,,,,,,,,,,
Radoslaw Kawecki,Male,POL,32,Back,Stroke,N/A,N/A,8/16/1991,,,Europe,,N/A,CAC,,,,,,,,,,,
Ranomi Kromowidjojo,Female,NED,33,"Fly, Free",Sprint,N/A,N/A,8/20/1990,,,Europe,,N/A,IRO,,,,,,,,,,,
Reece Whitley,Male,USA,24,Breast,Stroke,"University of California, Berkeley",ACC,1/3/2000,,,North America,,N/A,,,,,,,,,,,,
Regan Smith,Female,USA,22,"Fly, Back",Stroke,Stanford University,ACC,2/9/2002,,,North America,,N/A,,,,,,,,,,,,
Rhyan White,Female,USA,24,"Fly, Back",Stroke,University of Alabama,SEC,1/25/2000,,,North America,,N/A,,,,,,,,,,,,
Robert Glinta,Male,ROM,27,Back,Stroke,University of Southern California,B1G,4/18/1997,,,Europe,,IRO,,,,,,,,,,,,
Ross Dant,Male,USA,24,Free,Distance,North Carolina State University,ACC,1/1/2000,,,North America,,N/A,,,,,,,,,,,,
Ruta Meilutyte,Female,LTU,27,Breast,Sprint,N/A,N/A,3/19/1997,,,Europe,,N/A,,,,,,,,,,,,
Ryan Held,Male,USA,28,"Fly, Free",Sprint,North Carolina State University,ACC,6/27/1995,,,North America,,LAC,,,,,,,,,,,,
Ryan Hoffer,Male,USA,25,"Fly, Free",Sprint,"University of California, Berkeley",ACC,7/9/1998,,,North America,,DCT,,,,,,,,,,,,
Ryan Lochte,Male,USA,39,"IM, Back",Mid-D,University of Florida,SEC,8/3/1984,,,North America,,N/A,,,,,,,,,,,,
Ryan Murphy,Male,USA,28,Back,Stroke,"University of California, Berkeley",ACC,7/2/1995,,,North America,,LAC,,,,,,,,,,,,
Ryosuke Irie,Male,JPN,34,Back,Stroke,N/A,N/A,1/24/1990,,,Asia,,N/A,TOK,,,,,,,,,,,
Sam Short,Male,AUS,20,Free,Distance,N/A,N/A,9/17/2003,,,Austrailia,,N/A,,,,,,,,,,,,
Santo Condorelli,Male,ITA,29,"Fly, Free",Sprint,University of Southern California,B1G,1/17/1995,,,Europe,,N/A,AQC,,,,,,,,,,,
Sarah Wellbrock,Female,GER,29,Free,Distance,N/A,N/A,6/20/1994,,,Europe,,N/A,AQC,,,,,,,,,,,
Sarah Sjostrom,Female,SWE,30,"Fly, Free",Sprint,N/A,N/A,8/17/1993,,,Europe,,ENS,,,,,,,,,,,,
Se-Bom Lee,Male,AUS,22,Free,Mid-D,N/A,N/A,6/12/2001,,,Austrailia,,N/A,,,,,,,,,,,,
Sean Grieshop,Male,USA,25,"IM, Free",Distance,"University of California, Berkeley",ACC,11/23/1998,,,North America,,N/A,,,,,,,,,,,,
Serhiy Frolov,Male,UKR,32,Free,Distance,N/A,N/A,4/14/1992,,,Europe,,N/A,,,,,,,,,,,,
Shaine Casas,Male,USA,24,"IM, Back",Stroke,University of Texas,SEC,12/25/1999,Texas A&M University,SEC,North America,,N/A,,,,,,,,,,,,
Shane Ryan,Male,IRL,30,"Back, Free",Sprint,Penn State University,B1G,1/27/1994,,,Europe,,TOR,LAC,,,,,,,,,,,
Shayna Jack,Female,AUS,25,Free,Sprint,N/A,N/A,11/6/1998,,,Austrailia,,N/A,,,,,,,,,,,,
Sherridon Dressel,Female,USA,25,Back,Stroke,University of Florida,SEC,7/20/1998,,,North America,,CAC,,,,,,,,,,,,
Sierra Schmidt,Female,USA,26,Free,Distance,University of Michigan,B1G,5/6/1998,,,North America,,N/A,,,,,,,,,,,,
Simona Quadarella,Female,ITA,25,Free,Distance,N/A,N/A,12/18/1998,,,Europe,,N/A,,,,,,,,,,,,
Simone Manuel,Female,USA,27,Free,Sprint,Stanford University,ACC,8/2/1996,,,North America,,N/A,,,,,,,,,,,,
Simone Sabbioni,Male,ITA,27,Back,Stroke,N/A,N/A,10/3/1996,,,Europe,,AQC,,,,,,,,,,,,
Siobhan Haughey,Female,HKG,26,Free,Mid-D,University of Michigan,B1G,10/31/1997,,,Asia,,ENS,,,,,,,,,,,,
Sophie Hansson,Female,SWE,25,Breast,Stroke,North Carolina State University,ACC,8/2/1998,,,Europe,,N/A,,,,,,,,,,,,
Summer McIntosh,Female,CAN,17,"IM, Free",Mid-D,N/A,N/A,8/18/2006,,,North America,,TOR,,,,,,,,,,,,
Sun Yang,Male,CHN,32,Free,Distance,N/A,N/A,12/1/1991,,,Asia,,N/A,,,,,,,,,,,,
Sydney Pickrem,Female,CAN,27,"IM, Breast",Mid-D,Texas A&M University,SEC,5/21/1997,,,North America,,LON,,,,,,,,,,,,
Szebasztian Szabo,Male,HUN,28,"Fly, Free",Sprint,N/A,N/A,3/11/1996,,,Europe,,AQC,IRO,,,,,,,,,,,
Tatjana Schoenmaker,Female,RSA,26,Breast,Stroke,N/A,N/A,7/9/1997,,,Africa,,N/A,,,,,,,,,,,,
Taylor Ruck,Female,CAN,23,"Back, Free",Stroke,Stanford University,ACC,5/28/2000,,,North America,,N/A,,,,,,,,,,,,
Tes Schouten,Female,NED,23,Breast,Stroke,N/A,N/A,12/31/2000,,,Europe,,NYB,,,,,,,,,,,,
Tessa Cieplucha,Female,CAN,25,"IM, Breast",Mid-D,University of Tennessee,SEC,9/24/1998,,,North America,,TOR,,,,,,,,,,,,
Thom De Boer,Male,NED,32,Free,Sprint,N/A,N/A,12/24/1991,,,Europe,,IRO,,,,,,,,,,,,
Thomas Ceccon,Male,ITA,23,"Back, Free",Sprint,N/A,N/A,1/27/2001,,,Europe,,AQC,,,,,,,,,,,,
Thomas Heilman,Male,USA,17,"IM, Fly",Stroke,University of Virginia,ACC,2/7/2007,,,North America,,N/A,,,,,,,,,,,,
Thomas Neill,Male,AUS,21,Free,Distance,N/A,N/A,6/9/2002,,,Austrailia,,N/A,,,,,,,,,,,,
Tom Dean,Male,GBR,24,"IM, Free",Mid-D,N/A,N/A,5/2/2000,,,Europe,,LON,,,,,,,,,,,,
Tom Shields,Male,USA,32,Fly,Stroke,"University of California, Berkeley",ACC,7/11/1991,,,North America,,LAC,,,,,,,,,,,,
Tommy Cope,Male,USA,26,"IM, Breast",Mid-D,University of Michigan,B1G,11/1/1997,,,North America,,DCT,,,,,,,,,,,,
Tomoe Hvas,Male,NOR,23,"IM, Fly",Mid-D,N/A,N/A,6/1/2000,,,Europe,,N/A,,,,,,,,,,,,
Tomoru Honda,Male,JPN,22,"IM, Fly",Mid-D,N/A,N/A,12/31/2001,,,Asia,,TOK,,,,,,,,,,,,
Torri Huske,Female,USA,21,"Fly, Free",Sprint,Stanford University,ACC,12/7/2002,,,North America,,N/A,,,,,,,,,,,,
Townley Haas,Male,USA,27,Free,Mid-D,University of Texas,SEC,12/13/1996,,,North America,,N/A,CAC,,,,,,,,,,,
Trenton Julian,Male,USA,25,"Fly, Free",Mid-D,"University of California, Berkeley",ACC,12/9/1998,,,North America,,N/A,,,,,,,,,,,,
Trey Freeman,Male,USA,24,Free,Mid-D,University of Florida,SEC,1/1/2000,,,North America,,N/A,,,,,,,,,,,,
Valentine Dumont,Female,BEL,24,Free,Distance,N/A,N/A,2/7/2000,,,Europe,,LAC,IRO,,,,,,,,,,,
Viktoria Gunes,Female,TUR,25,"IM, Breast",Mid-D,N/A,N/A,6/19/1998,,,Asia,Europe,ENS,,,,,,,,,,,,
Vini Lanza,Male,BRA,27,"IM, Fly",Stroke,Indiana University,B1G,3/22/1997,,,South America,,LON,,,,,,,,,,,,
Vladimir Morozov,Male,RUS,31,Free,Sprint,University of Southern California,B1G,6/16/1992,,,Asia,Europe,TOK,IRO,,,,,,,,,,,
Wang Shun,Male,CHN,30,IM,Stroke,N/A,N/A,2/11/1994,,,Asia,,N/A,,,,,,,,,,,,
Will Gallant,Male,USA,22,Free,Distance,North Carolina State University,ACC,7/19/2001,,,North America,,N/A,,,,,,,,,,,,
Will Licon,Male,USA,29,"IM, Breast",Stroke,University of Texas,SEC,8/25/1994,,,North America,,LAC,,,,,,,,,,,,
Xu Jiayu,Male,CHN,28,Back,Stroke,N/A,N/A,8/19/1995,,,Asia,,N/A,,,,,,,,,,,,
Ye Shiwen,Female,CHN,28,"IM, Breast",Mid-D,N/A,N/A,3/1/1996,,,Asia,,N/A,,,,,,,,,,,,
Yohann Ndoye-Brouard,Male,FRA,23,Back,Stroke,N/A,N/A,11/29/2000,,,Europe,,N/A,,,,,,,,,,,,
Youssef Ramadan,Male,EGY,21,"Fly, Free",Sprint,Virginia Tech University,ACC,7/7/2002,,,Asia,Africa,N/A,,,,,,,,,,,,
Yu Yiting,Female,CHN,18,IM,Stroke,N/A,N/A,9/5/2005,,,Asia,,N/A,,,,,,,,,,,,
Yui Ohashi,Female,JPN,28,IM,Stroke,N/A,N/A,10/18/1995,,,Asia,,TOK,,,,,,,,,,,,
Yulia Efimova,Female,RUS,32,Breast,Stroke,N/A,N/A,4/3/1992,,,Asia,Europe,N/A,,,,,,,,,,,,
Zac Stubblety-Cook,Male,AUS,25,Breast,Stroke,N/A,N/A,1/4/1999,,,Austrailia,,TOK,,,,,,,,,,,,
Zach Apple,Male,USA,27,Free,Sprint,Indiana University,B1G,4/23/1997,Auburn University,SEC,North America,,DCT,,,,,,,,,,,,
Zach Harting,Male,USA,26,Fly,Stroke,University of Louisville,ACC,8/27/1997,,,North America,,DCT,,,,,,,,,,,,
Zane Grothe,Male,USA,32,Free,Distance,Auburn University,SEC,4/22/1992,,,North America,,DCT,,,,,,,,,,,,
Zane Waddell,Male,RSA,26,"Back, Free",Sprint,University of Alabama,SEC,3/18/1998,,,Africa,,N/A,,,,,,,,,,,,
Zhang Yufei,Female,CHN,26,Fly,Stroke,N/A,N/A,4/19/1998,,,Asia,,N/A,,,,,,,,,,,,
Zhanle Pan,Male,CHN,19,Free,Stroke,N/A,N/A,8/4/2004,,,Asia,,N/A,,,,,,,,,,,,
Zoie Hartman,Female,USA,23,"IM, Breast",Stroke,University of Georgia,SEC,12/20/2000,,,North America,,N/A,,,,,,,,,,,,
Zsuzsanna Jakabos,Female,HUN,35,"IM, Fly",Mid-D,"University of Nevada, Las Vegas",MWC,4/3/1989,,,Europe,,DCT,ENS,,,,,,,,,,,